{
  "fatigue": 0.3002088751106916,
  "humor": 0.2530199450422205,
  "grudge": 0.5689303276026879,
  "openness": 0.5891020518816494,
  "skeptical": 0.6230689426790019,
  "energy": 0.6532962814769959,
  "trust": 0.2100523351115706,
  "paranoia": 0.49861521810784826,
  "empathy": 0.5001044647999098,
  "aggression": 0.44496450307571755,
  "confidence": 0.48485873595700113,
  "pride": 0.20436281747477753,
  "domineering": 0.25,
  "self_interest": 0.5,
  "introversion": 0.4969800549577795,
  "antagonism": 0.2968559920236108,
  "seriousness": 0.4,
  "ambition": 0.3,
  "stubbornness": 0.4001126672802273,
  "guilt": 0.1,
  "rumination": 0.20020887511069163,
  "analytical": 0.5570020992037349,
  "confusion": 0.1,
  "tension": 0.29685187716117,
  "hope": 0.5,
  "sadness": 0.2,
  "fear": 0.2,
  "sense_of_moral_violation": 0.0,
  "proactivity": 0.7,
  "mission_driven": 0.6,
  "decisiveness": 0.65,
  "urgency": 0.5,
  "autonomy": 0.7,
  "pragmatism": 0.6
}